Image	Name	Class	Parent	ROI	Centroid_X	Centroid_Y	Num Detections	Num Positive	Positive %	Num Positive per mm^2	Area µm^2	Perimeter µm	condition
75C_6_FITC.tif	PathAnnotationObject		Image	Polygon	441.41	350.34	38.0	38.0	100.0	210.03	180922.8	1648.0	Fed
75C_5_FITC.tif	PathAnnotationObject		Image	Polygon	458.52	339.08	19.0	19.0	100.0	124.3	152858.2	1528.9	Fed
86F_6_FITC.tif	PathAnnotationObject		Image	Polygon	520.88	302.79	85.0	85.0	100.0	1547.1	54942.6	961.95	Starved
75F_1_FITC.tif	PathAnnotationObject		Image	Polygon	425.08	257.83	13.0	13.0	100.0	111.31	116789.2	1416.4	Fed
75E_6_FITC.tif	PathAnnotationObject		Image	Polygon	441.08	241.79	16.0	16.0	100.0	135.33	118229.6	1434.7	Fed
76B_1_FITC.tif	PathAnnotationObject		Image	Polygon	404.4	297.69	115.0	115.0	100.0	723.23	159008.5	1629.7	Starved
76A_6_FITC.tif	PathAnnotationObject		Image	Polygon	391.34	316.31	111.0	111.0	100.0	645.43	171978.8	1608.8	Starved
85H_1_FITC.tif	PathAnnotationObject		Image	Polygon	460.06	292.08	60.0	60.0	100.0	401.99	149255.8	1610.6	Starved
85H_2_FITC.tif	PathAnnotationObject		Image	Polygon	451.42	282.94	52.0	52.0	100.0	378.98	137212.2	1490.3	Starved
73F_6_FITC.tif	PathAnnotationObject		Image	Polygon	385.73	321.4	41.0	41.0	100.0	473.86	86524.2	1342.2	Fed
84F_4_FITC.tif	PathAnnotationObject		Image	Polygon	469.93	316.07	29.0	29.0	100.0	270.17	107340.2	1285.3	Starved
75E_1_FITC.tif	PathAnnotationObject		Image	Polygon	399.44	314.0	31.0	31.0	100.0	169.44	182958.2	1821.6	Fed
75D_5_FITC.tif	PathAnnotationObject		Image	Polygon	410.45	298.28	30.0	30.0	100.0	182.62	164272.2	1662.2	Fed
76B_4_FITC.tif	PathAnnotationObject		Image	Polygon	443.79	303.86	113.0	113.0	100.0	769.66	146818.1	1628.5	Starved
76B_5_FITC.tif	PathAnnotationObject		Image	Polygon	420.8	296.23	98.0	98.0	100.0	662.35	147958.0	1596.0	Starved
80C_5_FITC.tif	PathAnnotationObject		Image	Polygon	236.24	338.09	1.0	1.0	100.0	14.59	68520.8	982.38	Starved
80C_4_FITC.tif	PathAnnotationObject		Image	Polygon	291.12	353.68	1.0	1.0	100.0	17.26	57929.6	925.23	Starved
84B_2_FITC.tif	PathAnnotationObject		Image	Polygon	328.58	319.37	57.0	57.0	100.0	965.76	59020.7	917.61	Starved
84B_1_FITC.tif	PathAnnotationObject		Image	Polygon	287.46	310.61	69.0	69.0	100.0	1377.0	50107.5	835.64	Starved
72F_5_FITC.tif	PathAnnotationObject		Image	Polygon	416.34	308.89	29.0	29.0	100.0	296.28	97881.7	1205.9	Fed
84D_2_FITC.tif	PathAnnotationObject		Image	Polygon	425.58	306.4	30.0	30.0	100.0	204.23	146890.4	1547.7	Starved
84D_1_FITC.tif	PathAnnotationObject		Image	Polygon	443.21	336.41	31.0	31.0	100.0	220.17	140802.2	1466.9	Starved
86D_3_FITC.tif	PathAnnotationObject		Image	Polygon	431.44	318.57	87.0	87.0	100.0	553.93	157060.0	1624.2	Starved
86D_4_FITC.tif	PathAnnotationObject		Image	Polygon	426.46	328.86	91.0	91.0	100.0	602.37	151070.0	1621.3	Starved
72C_2_FITC.tif	PathAnnotationObject		Image	Polygon	447.29	297.43	28.0	28.0	100.0	127.09	220316.2	1819.0	Fed
72C_3_FITC.tif	PathAnnotationObject		Image	Polygon	442.85	326.1	24.0	24.0	100.0	102.3	234611.4	1891.2	Fed
75B_4_FITC.tif	PathAnnotationObject		Image	Polygon	479.05	280.44	24.0	24.0	100.0	166.88	143818.8	1663.6	Fed
75B_3_FITC.tif	PathAnnotationObject		Image	Polygon	405.7	337.69	46.0	46.0	100.0	265.39	173328.2	1718.9	Fed
90D_5_FITC.tif	PathAnnotationObject		Image	Polygon	395.37	312.99	28.0	28.0	100.0	221.81	126235.4	1594.5	Starved
90E_1_FITC.tif	PathAnnotationObject		Image	Polygon	502.86	296.65	45.0	45.0	100.0	368.9	121984.9	1470.7	Starved
86F_1_FITC.tif	PathAnnotationObject		Image	Polygon	414.16	304.47	97.0	97.0	100.0	934.58	103790.2	1343.5	Starved
86F_2_FITC.tif	PathAnnotationObject		Image	Polygon	397.54	326.83	106.0	106.0	100.0	1008.6	105095.2	1255.8	Starved
73C_1_FITC.tif	PathAnnotationObject		Image	Polygon	434.5	298.24	6.0	6.0	100.0	52.74	113768.2	1487.3	Fed
76C_5_FITC.tif	PathAnnotationObject		Image	Polygon	391.76	284.63	53.0	53.0	100.0	479.98	110420.3	1506.8	Starved
72A_5_FITC.tif	PathAnnotationObject		Image	Polygon	460.6	326.3	23.0	23.0	100.0	114.66	200601.5	1715.7	Fed
72A_4_FITC.tif	PathAnnotationObject		Image	Polygon	443.64	305.95	21.0	21.0	100.0	107.07	196137.5	1702.1	Fed
75A_3_FITC.tif	PathAnnotationObject		Image	Polygon	472.9	317.08	89.0	89.0	100.0	663.31	134175.5	1421.5	Fed
75A_2_FITC.tif	PathAnnotationObject		Image	Polygon	496.59	277.65	22.0	22.0	100.0	192.71	114158.9	1283.3	Fed
72D_3_FITC.tif	PathAnnotationObject		Image	Polygon	425.93	324.34	44.0	44.0	100.0	192.5	228565.7	1894.2	Fed
72D_4_FITC.tif	PathAnnotationObject		Image	Polygon	454.44	318.82	65.0	65.0	100.0	283.99	228879.9	1883.7	Fed
73E_3_FITC.tif	PathAnnotationObject		Image	Polygon	428.88	312.72	28.0	28.0	100.0	189.23	147970.8	1639.8	Fed
73E_5_FITC.tif	PathAnnotationObject		Image	Polygon	410.39	291.96	91.0	91.0	100.0	653.35	139281.2	1518.1	Fed
90B_2_FITC.tif	PathAnnotationObject		Image	Polygon	383.2	306.81	20.0	20.0	100.0	119.7	167079.8	1633.2	Starved
86C_2_FITC.tif	PathAnnotationObject		Image	Polygon	383.62	316.43	101.0	101.0	100.0	861.29	117265.5	1406.8	Starved
90B_1_FITC.tif	PathAnnotationObject		Image	Polygon	423.79	332.53	21.0	21.0	100.0	133.82	156930.3	1557.7	Starved
86C_3_FITC.tif	PathAnnotationObject		Image	Polygon	407.33	343.32	117.0	117.0	100.0	873.0	134020.6	1506.6	Starved
85E_1_FITC.tif	PathAnnotationObject		Image	Polygon	483.95	319.74	118.0	118.0	100.0	1299.9	90773.8	1574.9	Starved
90C_4_FITC.tif	PathAnnotationObject		Image	Polygon	373.59	301.29	36.0	36.0	100.0	184.14	195503.2	1887.6	Starved
90C_5_FITC.tif	PathAnnotationObject		Image	Polygon	338.66	276.41	14.0	14.0	100.0	81.83	171087.3	1898.8	Starved
72F_1_FITC.tif	PathAnnotationObject		Image	Polygon	449.96	300.06	16.0	16.0	100.0	97.47	164161.3	1534.7	Fed
72F_2_FITC.tif	PathAnnotationObject		Image	Polygon	459.08	342.07	35.0	35.0	100.0	229.42	152559.9	1501.7	Fed
73B_2_FITC.tif	PathAnnotationObject		Image	Polygon	467.45	333.2	15.0	15.0	100.0	97.77	153423.5	1579.4	Fed
73B_1_FITC.tif	PathAnnotationObject		Image	Polygon	401.65	336.62	5.0	5.0	100.0	38.08	131294.3	1404.4	Fed
84F_5_FITC.tif	PathAnnotationObject		Image	Polygon	526.44	302.47	47.0	47.0	100.0	471.36	99710.6	1247.6	Starved
84E_3_FITC.tif	PathAnnotationObject		Image	Polygon	434.36	296.36	28.0	28.0	100.0	192.18	145698.9	1450.7	Starved
84E_2_FITC.tif	PathAnnotationObject		Image	Polygon	423.51	324.95	11.0	11.0	100.0	70.33	156404.9	1545.2	Starved
90D_4_FITC.tif	PathAnnotationObject		Image	Polygon	426.21	288.16	41.0	41.0	100.0	305.77	134087.1	1597.8	Starved
90D_3_FITC.tif	PathAnnotationObject		Image	Polygon	400.31	316.84	48.0	48.0	100.0	291.32	164768.5	1876.2	Starved
84B_5_FITC.tif	PathAnnotationObject		Image	Polygon	347.77	353.41	78.0	78.0	100.0	800.88	97393.2	1288.5	Starved
84C_1_FITC.tif	PathAnnotationObject		Image	Polygon	436.67	327.18	38.0	38.0	100.0	361.59	105091.2	1334.8	Starved
72C_5_FITC.tif	PathAnnotationObject		Image	Polygon	412.65	318.85	117.0	117.0	100.0	438.76	266658.4	2083.3	Fed
72C_4_FITC.tif	PathAnnotationObject		Image	Polygon	451.95	326.52	61.0	61.0	100.0	256.14	238151.4	1913.7	Fed
73F_3_FITC.tif	PathAnnotationObject		Image	Polygon	428.06	311.66	41.0	41.0	100.0	303.92	134903.3	1435.9	Fed
73F_2_FITC.tif	PathAnnotationObject		Image	Polygon	429.21	323.35	39.0	39.0	100.0	251.08	155328.9	1670.4	Fed
86E_1_FITC.tif	PathAnnotationObject		Image	Polygon	401.79	320.19	122.0	122.0	100.0	887.72	137431.1	1500.1	Starved
86D_5_FITC.tif	PathAnnotationObject		Image	Polygon	402.68	304.08	99.0	99.0	100.0	680.56	145468.1	1592.1	Starved
90F_2_FITC.tif	PathAnnotationObject		Image	Polygon	469.47	288.62	36.0	36.0	100.0	679.57	52974.7	899.8	Starved
90F_1_FITC.tif	PathAnnotationObject		Image	Polygon	406.06	317.79	20.0	20.0	100.0	321.68	62173.7	1012.3	Starved
72A_2_FITC.tif	PathAnnotationObject		Image	Polygon	433.11	315.05	21.0	21.0	100.0	122.94	170808.7	1597.3	Fed
72A_3_FITC.tif	PathAnnotationObject		Image	Polygon	457.58	313.63	21.0	21.0	100.0	117.74	178354.5	1601.2	Fed
84F_3_FITC.tif	PathAnnotationObject		Image	Polygon	456.52	301.61	42.0	42.0	100.0	331.12	126841.1	1354.7	Starved
73D_2_FITC.tif	PathAnnotationObject		Image	Polygon	408.02	301.42	55.0	55.0	100.0	265.77	206942.7	1824.7	Fed
73D_1_FITC.tif	PathAnnotationObject		Image	Polygon	460.9	323.27	52.0	52.0	100.0	225.2	230906.1	1892.8	Fed
73E_2_FITC.tif	PathAnnotationObject		Image	Polygon	474.53	284.29	29.0	29.0	100.0	181.76	159551.7	1720.1	Fed
73E_1_FITC.tif	PathAnnotationObject		Image	Polygon	445.84	272.53	20.0	20.0	100.0	136.24	146796.2	1733.0	Fed
75A_4_FITC.tif	PathAnnotationObject		Image	Polygon	490.98	302.63	60.0	60.0	100.0	426.55	140663.8	1438.3	Fed
75A_5_FITC.tif	PathAnnotationObject		Image	Polygon	458.66	328.61	83.0	83.0	100.0	527.66	157299.0	1555.1	Fed
90C_3_FITC.tif	PathAnnotationObject		Image	Polygon	412.88	321.63	23.0	23.0	100.0	114.64	200630.0	1901.7	Starved
90C_2_FITC.tif	PathAnnotationObject		Image	Polygon	418.32	288.07	31.0	31.0	100.0	148.55	208682.1	1864.8	Starved
86C_5_FITC.tif	PathAnnotationObject		Image	Polygon	429.73	305.97	112.0	112.0	100.0	807.98	138617.3	1538.4	Starved
90A_1_FITC.tif	PathAnnotationObject		Image	Polygon	431.64	319.57	4.0	4.0	100.0	55.03	72683.9	1043.8	Starved
86C_4_FITC.tif	PathAnnotationObject		Image	Polygon	379.17	339.04	111.0	111.0	100.0	796.46	139366.6	1506.7	Starved
86B_1_FITC.tif	PathAnnotationObject		Image	Polygon	390.78	304.5	83.0	83.0	100.0	771.89	107527.8	1278.8	Starved
85F_1_FITC.tif	PathAnnotationObject		Image	Polygon	440.72	295.42	59.0	59.0	100.0	460.39	128153.3	1445.3	Starved
85F_2_FITC.tif	PathAnnotationObject		Image	Polygon	442.45	274.02	81.0	81.0	100.0	501.83	161408.2	1582.3	Starved
72B_3_FITC.tif	PathAnnotationObject		Image	Polygon	449.84	322.37	32.0	32.0	100.0	157.29	203450.1	1721.8	Fed
72B_4_FITC.tif	PathAnnotationObject		Image	Polygon	452.13	289.3	32.0	32.0	100.0	147.43	217055.9	1799.2	Fed
72E_1_FITC.tif	PathAnnotationObject		Image	Polygon	428.97	343.06	13.0	13.0	100.0	64.82	200540.3	1734.6	Fed
72D_5_FITC.tif	PathAnnotationObject		Image	Polygon	416.99	344.86	39.0	39.0	100.0	178.6	218370.3	1796.5	Fed
84E_4_FITC.tif	PathAnnotationObject		Image	Polygon	386.71	319.98	29.0	29.0	100.0	198.39	146174.0	1514.1	Starved
84E_5_FITC.tif	PathAnnotationObject		Image	Polygon	363.13	288.69	23.0	23.0	100.0	164.04	140206.2	1402.5	Starved
75F_4_FITC.tif	PathAnnotationObject		Image	Polygon	453.17	256.67	14.0	14.0	100.0	210.41	66537.9	1167.1	Fed
75B_5_FITC.tif	PathAnnotationObject		Image	Polygon	497.55	333.88	21.0	21.0	100.0	153.31	136979.0	1523.5	Fed
75B_6_FITC.tif	PathAnnotationObject		Image	Polygon	409.16	342.46	42.0	42.0	100.0	250.28	167809.5	1717.5	Fed
84F_2_FITC.tif	PathAnnotationObject		Image	Polygon	427.54	329.54	44.0	44.0	100.0	357.19	123183.4	1317.4	Starved
85G_1_FITC.tif	PathAnnotationObject		Image	Polygon	508.24	290.75	90.0	90.0	100.0	886.34	101541.7	1215.5	Starved
85F_5_FITC.tif	PathAnnotationObject		Image	Polygon	437.31	287.73	55.0	55.0	100.0	341.83	160897.3	1551.3	Starved
75E_2_FITC.tif	PathAnnotationObject		Image	Polygon	404.5	319.53	31.0	31.0	100.0	200.85	154345.9	1637.7	Fed
75E_3_FITC.tif	PathAnnotationObject		Image	Polygon	395.97	301.5	38.0	38.0	100.0	251.06	151357.4	1648.8	Fed
80C_2_FITC.tif	PathAnnotationObject		Image	Polygon	361.8	354.85	8.0	8.0	100.0	140.83	56808.0	891.87	Starved
80C_3_FITC.tif	PathAnnotationObject		Image	Polygon	274.32	368.44					57301.1	897.62	Starved
73F_1_FITC.tif	PathAnnotationObject		Image	Polygon	454.84	284.16	19.0	19.0	100.0	140.76	134977.5	1547.4	Fed
73E_6_FITC.tif	PathAnnotationObject		Image	Polygon	444.6	247.2	48.0	48.0	100.0	312.51	153596.6	1555.1	Fed
85E_2_FITC.tif	PathAnnotationObject		Image	Polygon	441.31	268.03	97.0	97.0	100.0	838.55	115675.5	1604.8	Starved
85E_3_FITC.tif	PathAnnotationObject		Image	Polygon	505.8	322.82	67.0	67.0	100.0	676.28	99071.6	1315.5	Starved
86C_1_FITC.tif	PathAnnotationObject		Image	Polygon	348.76	291.57	24.0	24.0	100.0	197.38	121595.8	1405.9	Starved
90A_5_FITC.tif	PathAnnotationObject		Image	Polygon	426.77	308.64	28.0	28.0	100.0	207.64	134846.2	1395.0	Starved
86A_3_FITC.tif	PathAnnotationObject		Image	Polygon	410.15	279.01	44.0	44.0	100.0	835.89	52638.2	942.79	Starved
90D_2_FITC.tif	PathAnnotationObject		Image	Polygon	417.01	322.22	57.0	57.0	100.0	275.91	206589.6	2065.0	Starved
90D_1_FITC.tif	PathAnnotationObject		Image	Polygon	353.69	294.78	9.0	9.0	100.0	66.87	134596.5	1710.5	Starved
72E_5_FITC.tif	PathAnnotationObject		Image	Polygon	436.55	308.04	41.0	41.0	100.0	231.6	177029.5	1634.4	Fed
72E_4_FITC.tif	PathAnnotationObject		Image	Polygon	422.28	316.33	17.0	17.0	100.0	103.27	164621.7	1507.1	Fed
73D_4_FITC.tif	PathAnnotationObject		Image	Polygon	398.16	289.7	33.0	33.0	100.0	204.63	161262.9	1777.7	Fed
73D_3_FITC.tif	PathAnnotationObject		Image	Polygon	410.58	282.59	13.0	13.0	100.0	82.12	158311.3	1585.8	Fed
73A_4_FITC.tif	PathAnnotationObject		Image	Polygon	444.66	312.63	25.0	25.0	100.0	281.01	88965.6	1276.2	Fed
73A_5_FITC.tif	PathAnnotationObject		Image	Polygon	491.61	327.34	18.0	18.0	100.0	161.17	111682.5	1316.9	Fed
84D_5_FITC.tif	PathAnnotationObject		Image	Polygon	425.27	313.32	56.0	56.0	100.0	383.55	146005.1	1492.0	Starved
84E_1_FITC.tif	PathAnnotationObject		Image	Polygon	444.32	326.31	35.0	35.0	100.0	231.87	150945.5	1487.4	Starved
90F_3_FITC.tif	PathAnnotationObject		Image	Polygon	396.97	293.19	42.0	42.0	100.0	953.02	44070.3	875.94	Starved
84C_4_FITC.tif	PathAnnotationObject		Image	Polygon	424.02	289.54	44.0	44.0	100.0	312.4	140846.7	1437.6	Starved
84C_5_FITC.tif	PathAnnotationObject		Image	Polygon	394.15	330.4	46.0	46.0	100.0	298.87	153911.4	1515.2	Starved
85F_3_FITC.tif	PathAnnotationObject		Image	Polygon	490.59	284.19	99.0	99.0	100.0	642.22	154152.8	1541.4	Starved
85F_4_FITC.tif	PathAnnotationObject		Image	Polygon	443.74	293.58	71.0	71.0	100.0	559.97	126792.9	1456.6	Starved
72C_1_FITC.tif	PathAnnotationObject		Image	Polygon	448.25	305.68	27.0	27.0	100.0	114.82	235142.2	1882.1	Fed
72B_5_FITC.tif	PathAnnotationObject		Image	Polygon	446.67	298.54	25.0	25.0	100.0	117.34	213047.8	1793.7	Fed
90E_3_FITC.tif	PathAnnotationObject		Image	Polygon	446.73	302.13	45.0	45.0	100.0	472.94	95149.5	1247.7	Starved
90E_2_FITC.tif	PathAnnotationObject		Image	Polygon	442.77	309.52	46.0	46.0	100.0	419.54	109643.8	1445.5	Starved
86E_5_FITC.tif	PathAnnotationObject		Image	Polygon	469.56	355.03	105.0	105.0	100.0	829.29	126615.0	1408.0	Starved
86E_4_FITC.tif	PathAnnotationObject		Image	Polygon	430.29	362.82	145.0	145.0	100.0	1086.2	133491.1	1436.6	Starved
73C_3_FITC.tif	PathAnnotationObject		Image	Polygon	421.52	322.16	39.0	39.0	100.0	230.44	169242.8	1686.1	Fed
73C_2_FITC.tif	PathAnnotationObject		Image	Polygon	471.52	329.47	11.0	11.0	100.0	68.34	160969.2	1656.3	Fed
72B_1_FITC.tif	PathAnnotationObject		Image	Polygon	438.2	304.63	24.0	24.0	100.0	122.89	195289.1	1674.9	Fed
72B_2_FITC.tif	PathAnnotationObject		Image	Polygon	435.01	308.17	20.0	20.0	100.0	98.68	202683.5	1749.5	Fed
85G_5_FITC.tif	PathAnnotationObject		Image	Polygon	496.73	338.88	74.0	74.0	100.0	506.7	146041.6	1459.2	Starved
85G_4_FITC.tif	PathAnnotationObject		Image	Polygon	422.3	258.74	89.0	89.0	100.0	620.58	143414.4	1474.8	Starved
80G_1_FITC.tif	PathAnnotationObject		Image	Polygon	400.02	304.43	9.0	9.0	100.0	63.9	140849.5	1420.6	Starved
73F_4_FITC.tif	PathAnnotationObject		Image	Polygon	419.14	323.83	12.0	12.0	100.0	98.88	121361.1	1423.2	Fed
73F_5_FITC.tif	PathAnnotationObject		Image	Polygon	439.55	307.3	57.0	57.0	100.0	495.34	115072.5	1359.0	Fed
84G_5_FITC.tif	PathAnnotationObject		Image	Polygon	431.26	306.13	30.0	30.0	100.0	572.72	52381.2	961.28	Starved
76C_1_FITC.tif	PathAnnotationObject		Image	Polygon	419.46	300.67	110.0	110.0	100.0	760.78	144588.8	1568.1	Starved
76B_6_FITC.tif	PathAnnotationObject		Image	Polygon	418.68	292.51	77.0	77.0	100.0	514.04	149794.6	1629.0	Starved
75D_3_FITC.tif	PathAnnotationObject		Image	Polygon	399.65	375.68	50.0	50.0	100.0	341.03	146616.2	1541.0	Fed
75D_4_FITC.tif	PathAnnotationObject		Image	Polygon	412.86	320.09	57.0	57.0	100.0	360.29	158207.1	1603.8	Fed
80D_1_FITC.tif	PathAnnotationObject		Image	Polygon	238.2	310.91					96539.5	1162.6	Starved
80D_2_FITC.tif	PathAnnotationObject		Image	Polygon	344.52	309.81					110873.7	1244.8	Starved
75C_3_FITC.tif	PathAnnotationObject		Image	Polygon	478.59	327.34	61.0	61.0	100.0	367.67	165911.6	1599.9	Fed
75C_4_FITC.tif	PathAnnotationObject		Image	Polygon	422.1	353.58	31.0	31.0	100.0	158.21	195942.7	1726.4	Fed
76D_2_FITC.tif	PathAnnotationObject		Image	Polygon	405.24	298.47	65.0	65.0	100.0	715.23	90880.4	1489.4	Starved
76D_1_FITC.tif	PathAnnotationObject		Image	Polygon	412.47	336.02	69.0	69.0	100.0	595.63	115843.2	1575.2	Starved
76A_4_FITC.tif	PathAnnotationObject		Image	Polygon	432.91	288.09	68.0	68.0	100.0	476.22	142790.3	1499.0	Starved
76A_5_FITC.tif	PathAnnotationObject		Image	Polygon	428.22	311.23	98.0	98.0	100.0	624.45	156938.7	1546.7	Starved
75D_2_FITC.tif	PathAnnotationObject		Image	Polygon	381.89	304.3	65.0	65.0	100.0	364.96	178100.8	1640.5	Fed
75D_1_FITC.tif	PathAnnotationObject		Image	Polygon	405.11	328.25	33.0	33.0	100.0	160.72	205328.6	1777.9	Fed
85G_2_FITC.tif	PathAnnotationObject		Image	Polygon	412.96	279.03	83.0	83.0	100.0	505.14	164310.5	1611.1	Starved
85G_3_FITC.tif	PathAnnotationObject		Image	Polygon	497.35	282.4	71.0	71.0	100.0	442.28	160533.0	1564.1	Starved
76C_2_FITC.tif	PathAnnotationObject		Image	Polygon	386.59	304.32	93.0	93.0	100.0	614.31	151390.5	1612.1	Starved
76C_3_FITC.tif	PathAnnotationObject		Image	Polygon	471.27	273.9	90.0	90.0	100.0	616.15	146068.8	1615.0	Starved
75E_5_FITC.tif	PathAnnotationObject		Image	Polygon	406.84	286.65	27.0	27.0	100.0	216.78	124549.9	1491.1	Fed
75E_4_FITC.tif	PathAnnotationObject		Image	Polygon	389.13	307.68	27.0	27.0	100.0	183.14	147430.3	1640.6	Fed
80C_1_FITC.tif	PathAnnotationObject		Image	Polygon	353.2	352.22					38049.5	746.81	Starved
75C_2_FITC.tif	PathAnnotationObject		Image	Polygon	440.69	353.53	44.0	44.0	100.0	222.77	197514.2	1745.7	Fed
75C_1_FITC.tif	PathAnnotationObject		Image	Polygon	418.43	303.72	29.0	29.0	100.0	149.75	193653.8	1793.9	Fed
85H_3_FITC.tif	PathAnnotationObject		Image	Polygon	424.65	294.3	78.0	78.0	100.0	624.32	124936.5	1443.5	Starved
85H_4_FITC.tif	PathAnnotationObject		Image	Polygon	459.75	247.75	60.0	60.0	100.0	549.18	109254.5	1380.2	Starved
84G_2_FITC.tif	PathAnnotationObject		Image	Polygon	472.65	322.78	58.0	58.0	100.0	690.79	83961.6	1174.9	Starved
84B_4_FITC.tif	PathAnnotationObject		Image	Polygon	450.22	327.8	69.0	69.0	100.0	830.38	83094.2	1159.8	Starved
84B_3_FITC.tif	PathAnnotationObject		Image	Polygon	460.2	291.27	52.0	52.0	100.0	716.94	72530.0	1049.6	Starved
84G_3_FITC.tif	PathAnnotationObject		Image	Polygon	509.61	300.67	50.0	50.0	100.0	656.48	76164.0	1110.1	Starved
76A_3_FITC.tif	PathAnnotationObject		Image	Polygon	365.89	286.9	56.0	56.0	100.0	439.97	127281.1	1412.7	Starved
73D_5_FITC.tif	PathAnnotationObject		Image	Polygon	402.26	328.73	24.0	24.0	100.0	122.92	195255.8	1775.8	Fed
73D_6_FITC.tif	PathAnnotationObject		Image	Polygon	386.25	310.97	23.0	23.0	100.0	122.33	188014.6	1715.2	Fed
75B_2_FITC.tif	PathAnnotationObject		Image	Polygon	427.68	350.3	36.0	36.0	100.0	173.32	207712.3	1827.2	Fed
75B_1_FITC.tif	PathAnnotationObject		Image	Polygon	417.06	359.05	38.0	38.0	100.0	208.65	182123.0	1773.0	Fed
90B_5_FITC.tif	PathAnnotationObject		Image	Polygon	409.8	311.48	41.0	41.0	100.0	216.52	189361.3	1742.2	Starved
90C_1_FITC.tif	PathAnnotationObject		Image	Polygon	426.47	313.25	43.0	43.0	100.0	215.18	199830.3	1794.7	Starved
84D_4_FITC.tif	PathAnnotationObject		Image	Polygon	422.52	269.37	37.0	37.0	100.0	244.97	151038.2	1476.5	Starved
84D_3_FITC.tif	PathAnnotationObject		Image	Polygon	418.34	326.76	32.0	32.0	100.0	220.78	144940.9	1500.5	Starved
85E_5_FITC.tif	PathAnnotationObject		Image	Polygon	494.04	320.45	46.0	46.0	100.0	343.8	133797.4	1595.9	Starved
85E_4_FITC.tif	PathAnnotationObject		Image	Polygon	447.09	267.95	59.0	59.0	100.0	529.78	111366.9	1393.2	Starved
86D_1_FITC.tif	PathAnnotationObject		Image	Polygon	424.08	305.24	133.0	133.0	100.0	884.59	150352.6	1652.7	Starved
90A_3_FITC.tif	PathAnnotationObject		Image	Polygon	417.52	328.33	15.0	15.0	100.0	132.01	113629.5	1283.7	Starved
86D_2_FITC.tif	PathAnnotationObject		Image	Polygon	369.69	285.29	137.0	137.0	100.0	871.72	157160.9	1641.8	Starved
90A_2_FITC.tif	PathAnnotationObject		Image	Polygon	402.73	257.54	7.0	7.0	100.0	80.97	86448.8	1156.6	Starved
86A_5_FITC.tif	PathAnnotationObject		Image	Polygon	355.48	325.94	90.0	90.0	100.0	1167.0	77121.8	1109.0	Starved
86A_4_FITC.tif	PathAnnotationObject		Image	Polygon	414.18	306.73	77.0	77.0	100.0	1332.4	57789.7	954.18	Starved
73A_3_FITC.tif	PathAnnotationObject		Image	Polygon	418.19	335.71	36.0	36.0	100.0	544.87	66070.5	972.83	Fed
72E_2_FITC.tif	PathAnnotationObject		Image	Polygon	437.5	316.67	26.0	26.0	100.0	128.73	201976.5	1673.5	Fed
72E_3_FITC.tif	PathAnnotationObject		Image	Polygon	445.63	340.8	23.0	23.0	100.0	117.72	195378.3	1678.7	Fed
84F_1_FITC.tif	PathAnnotationObject		Image	Polygon	392.05	312.81	21.0	21.0	100.0	175.32	119779.8	1323.5	Starved
86F_3_FITC.tif	PathAnnotationObject		Image	Polygon	447.98	329.86	76.0	76.0	100.0	726.95	104546.2	1298.0	Starved
86F_4_FITC.tif	PathAnnotationObject		Image	Polygon	365.03	345.67	77.0	77.0	100.0	1062.2	72492.5	1127.1	Starved
75F_2_FITC.tif	PathAnnotationObject		Image	Polygon	430.0	265.27	18.0	18.0	100.0	192.94	93291.1	1250.7	Fed
75F_3_FITC.tif	PathAnnotationObject		Image	Polygon	370.07	268.87	9.0	9.0	100.0	117.16	76817.4	1247.0	Fed
90B_4_FITC.tif	PathAnnotationObject		Image	Polygon	379.8	349.92	45.0	45.0	100.0	259.4	173478.1	1627.5	Starved
90B_3_FITC.tif	PathAnnotationObject		Image	Polygon	369.73	317.95	19.0	19.0	100.0	102.0	186266.8	1676.3	Starved
84G_4_FITC.tif	PathAnnotationObject		Image	Polygon	395.61	306.24	30.0	30.0	100.0	458.9	65373.5	1013.6	Starved
84C_3_FITC.tif	PathAnnotationObject		Image	Polygon	449.88	297.14	49.0	49.0	100.0	366.91	133549.2	1413.2	Starved
84C_2_FITC.tif	PathAnnotationObject		Image	Polygon	424.23	307.22	44.0	44.0	100.0	354.62	124077.8	1349.9	Starved
84G_1_FITC.tif	PathAnnotationObject		Image	Polygon	431.62	314.46	58.0	58.0	100.0	622.89	93114.8	1212.4	Starved
72D_1_FITC.tif	PathAnnotationObject		Image	Polygon	434.39	325.53	42.0	42.0	100.0	169.85	247283.3	1921.7	Fed
72D_2_FITC.tif	PathAnnotationObject		Image	Polygon	426.08	304.94	61.0	61.0	100.0	262.19	232652.9	1904.1	Fed
86E_2_FITC.tif	PathAnnotationObject		Image	Polygon	441.41	337.41	197.0	197.0	100.0	1220.9	161355.7	1617.3	Starved
86E_3_FITC.tif	PathAnnotationObject		Image	Polygon	416.43	292.2	139.0	139.0	100.0	980.75	141728.4	1509.4	Starved
90E_4_FITC.tif	PathAnnotationObject		Image	Polygon	458.28	324.42	26.0	26.0	100.0	330.06	78772.4	1139.9	Starved
90E_5_FITC.tif	PathAnnotationObject		Image	Polygon	429.27	320.48	44.0	44.0	100.0	595.04	73944.7	1150.2	Starved
72A_1_FITC.tif	PathAnnotationObject		Image	Polygon	405.98	280.35	12.0	12.0	100.0	86.81	138232.2	1469.6	Fed
72F_3_FITC.tif	PathAnnotationObject		Image	Polygon	433.55	311.41	42.0	42.0	100.0	296.32	141737.5	1465.0	Fed
72F_4_FITC.tif	PathAnnotationObject		Image	Polygon	384.71	332.91	36.0	36.0	100.0	291.98	123296.4	1355.0	Fed
73B_4_FITC.tif	PathAnnotationObject		Image	Polygon	469.39	337.1	9.0	9.0	100.0	65.47	137461.9	1633.6	Fed
73B_3_FITC.tif	PathAnnotationObject		Image	Polygon	491.91	322.42	19.0	19.0	100.0	121.89	155880.8	1832.5	Fed
73C_4_FITC.tif	PathAnnotationObject		Image	Polygon	394.54	295.15	89.0	89.0	100.0	463.92	191842.0	1937.0	Fed
73C_5_FITC.tif	PathAnnotationObject		Image	Polygon	465.71	329.43	49.0	49.0	100.0	279.44	175350.5	1736.4	Fed
